breakfast,lunch,dinner,option
Split Decision Breakfast,Egg and Avocado Toast,Quinoa with Chicken and Lentils,Dine-in
Smokehouse Combo,Chipotle Bowl,Shrimp Pad Thai,Order delivery
Two x Two x Two,Chicken Caesar Salad,Beef Pho,Stay home & cook
Quick 2-Egg Breakfast,Big Mac,Lemon Caper Chicken,
Simple and Fit 2-Egg Breakfast,Double Cheeseburger,Roasted Turkey,
Sirloin Tips and Eggs,Grilled BBQ Chicken Burger,Chicken Stir Fry,
T-Bone Steak and Eggs,McChicken,Roast Sirloin of Beef,
Country Fried Steak and Eggs,Chicken McNuggets (6pcs),Grilled Filet Mignon,
Chocolate Pancakes and Coffee,Chicken McNuggets (10pcs),Beef Wellington,
Omelette and Juice,Spicy Chicken Filet Burger,,
Cereal and Milk,Pork Burger with Cheese Sauce,,
,Filet-O-Fish,,
,Smoked Chicken Long Burger,,
,Ginger Pork Long Burger,,
,BLT Angus Beef Burger,,
,BLT Spicy Chicken Burger,,
,BLT Grilled Chicken Burger,,
,Mushroom Angus Beef Burger,,
,Caesar Salad with Fried Chicken Filet,,
,Italian Salad with Grilled Chicken Filet,,
